{
"pll_model_constants": 
   {
"CF":5.344763e-14,
"Cc":6.366690e-12,
"Cf":1.817906e-12,
"Iavg_const":3.193209e+07
   }
}
