{
"pll_model_constants": 
   {
"CF":2.835483e-12,
"Cc":4.034064e-11,
"Cf":1.535166e-11,
"Iavg_const":8.435114e+05
   }
}
