{
"pll_model_constants": 
   {
"CF":2.720805e-13,
"Cc":4.529067e-11,
"Cf":1.803006e-11,
"Iavg_const":7.625868e+05
   }
}
