{
  "Iload,max": {
    "0.05": {
      "0.6": [
        -1.155469661792834e+18,
        1.0452506220308742e+17,
        -3752869174345322.5,
        68791754064033.77,
        -687074914620.0021,
        3698176573.6509542,
        -9731807.425426628,
        18113.166937698275,
        -4.152508565066905
      ],
      "0.7": [
        -2.289517590566796e+17,
        3.0355645443495644e+16,
        -1434350163909332.2,
        32846550202720.742,
        -398156911063.2155,
        2558792040.8045864,
        -7960215.216951959,
        16568.55256408164,
        -4.7741630442738066
      ],
      "0.8": [
        2975883527347937.5,
        8332205627648414.0,
        -631135171238683.5,
        18429602151887.45,
        -263920469211.9249,
        1937042435.2344398,
        -6755995.786104865,
        15402.534790674226,
        -5.052266764586037
      ],
      "0.9": [
        8.340882729188648e+16,
        -412704689456028.5,
        -275533033885020.2,
        11402654385678.912,
        -192200203560.5547,
        1571379729.9351523,
        -5956776.205513122,
        14560.817845272215,
        -5.175394086966263
      ]
    },
    "0.1": {
      "0.6": [
        -6303940829861091.0,
        1073444979676164.1,
        -72900915387792.39,
        2535690929459.0566,
        -48161795823.9308,
        493802700.2510415,
        -2477570.393098205,
        9121.194414494294,
        -3.8186190076929494
      ],
      "0.7": [
        -1157444758523928.8,
        285327342097095.1,
        -25718111839737.4,
        1134864386381.9355,
        -26637623944.69395,
        332364414.1583774,
        -2010106.8092433605,
        8294.538986907086,
        -4.540084172355544
      ],
      "0.8": [
        -61128930484799.91,
        81314158510535.27,
        -11152980219823.885,
        624070942291.7057,
        -17376435372.444336,
        249396678.4152045,
        -1705631.8343968585,
        7713.518812143166,
        -4.900906478867622
      ],
      "0.9": [
        301756316005906.7,
        3431254048901.0117,
        -4906394839627.641,
        380970274261.1684,
        -12502725208.32493,
        200829465.07541203,
        -1500931.7848473263,
        7289.857712897482,
        -5.072503983945185
      ]
    }
  },
  "area": [
    1.8067478138432889e-13,
    -1.5348666586709105e-10,
    5.325705662041845e-08,
    -9.79235514441992e-06,
    0.0010369683918979881,
    -0.06410359670253289,
    2.1620661568319925,
    -13.918204636198865,
    1016.0376956630197
  ],
  "power": {}
}