{
  "Iload,max": {
    "0.05": {
      "0.6": [
        -6.442431208643344e+18,
        4.749639549591278e+17,
        -1.4135414105448694e+16,
        217230463087271.38,
        -1830916682892.14,
        8324938284.325704,
        -18667960.71497478,
        25534.091875186892,
        -6.32754430236611
      ],
      "0.7": [
        -2.3557098981265833e+18,
        1.9985632709746528e+17,
        -6825371463366649.0,
        120119295091164.2,
        -1157829173966.3423,
        6018240876.323651,
        -15435566.307954527,
        23489.415068924187,
        -7.03351462292239
      ],
      "0.8": [
        -1.131226400623042e+18,
        1.0664374463657504e+17,
        -4013859973258636.5,
        77368376660611.23,
        -812765941231.9281,
        4587096296.035866,
        -12726517.628396736,
        21069.5794748648,
        -6.942073517063026
      ],
      "0.9": [
        -6.354002875169851e+17,
        6.5841265689932184e+16,
        -2682337650752132.5,
        55385137477319.34,
        -618532129983.3987,
        3689807361.3212194,
        -10756308.511408329,
        19004.375240878,
        -6.59269434652118
      ]
    },
    "0.1": {
      "0.6": [
        -3.319089897332889e+16,
        4687258323971220.0,
        -267156872393814.66,
        7859181674938.033,
        -126703268636.20328,
        1100677457.7892435,
        -4705827.807013104,
        12620.733451092658,
        -5.7774363865543545
      ],
      "0.7": [
        -1.1037684980690468e+16,
        1821878232484186.0,
        -121148297877153.5,
        4153466602960.5195,
        -78009932890.8267,
        790044223.8886399,
        -3946143.593088458,
        11801.81245224423,
        -6.7882261326678535
      ],
      "0.8": [
        -5070126763957633.0,
        935304541408925.4,
        -69026499037867.03,
        2612555977745.975,
        -53944060718.40775,
        598775621.6347352,
        -3268662.8391155,
        10669.556656019708,
        -6.873159272743254
      ],
      "0.9": [
        -2780538640016239.0,
        564382088320064.1,
        -45213568142781.81,
        1840273102644.3096,
        -40578021511.55941,
        478463917.34808356,
        -2759504.6677872366,
        9638.69416190557,
        -6.5956884902499455
      ]
    }
  },
  "area": [
    -5.256505221317878e-14,
    2.624105005797191e-11,
    -8.657851834917122e-10,
    -1.8002634230620658e-06,
    0.0004481319302291074,
    -0.04495377241307011,
    1.9395069395682567,
    -7.488589128372639,
    980.7077794468614
  ],
  "power": {}
}