{
  "Iload,max": {
    "0.05": {
      "0.6": [
        -9.456893702692837e+18,
        4.2341043506891635e+17,
        -7695961616905185.0,
        72709161364474.56,
        -378907968895.11487,
        1062562098.6573273,
        -1380857.9557525457,
        20057.876961098522,
        -0.11125522962453863
      ],
      "0.7": [
        -4.605706908189535e+17,
        3.1972490999432284e+16,
        -901536522371334.9,
        13219747744023.705,
        -106971613340.90886,
        466043928.1577034,
        -945174.9497424418,
        13114.505472873787,
        -0.1881455434218353
      ],
      "0.8": [
        -5.792628270347393e+16,
        5416765152034443.0,
        -205910297955179.78,
        4073779462281.282,
        -44504892159.17334,
        261882306.337872,
        -718287.4989829629,
        9876.356462717886,
        -0.2610715638484592
      ],
      "0.9": [
        -1.3709185193766628e+16,
        1571599587877096.8,
        -73271031860817.14,
        1778711243533.9207,
        -23855006414.12754,
        172420568.0660762,
        -581438.7505847353,
        8058.716658097877,
        -0.32138221736652245
      ],
      "1.0": [
        -4405246527163627.0,
        592292674729417.1,
        -32398124241365.188,
        923131103244.3354,
        -14537201834.379217,
        123420119.84199937,
        -488849.3646355967,
        6919.561005940316,
        -0.3752264690067083
      ],
      "1.1": [
        -1745123333083529.8,
        265952724082021.0,
        -16496362192504.451,
        533223702916.86066,
        -9528574083.514153,
        91805598.81255648,
        -411788.6408419234,
        6121.479435307797,
        -0.4072542053783664
      ],
      "1.2": [
        -888491387056035.1,
        149252632267810.94,
        -10205038618520.516,
        363643257004.3289,
        -7164717982.104505,
        76140575.29683407,
        -377264.8278564317,
        5589.55383744552,
        -0.45854575202107895
      ],
      "1.3": [
        -485267865860322.44,
        88442145938354.31,
        -6563836686928.541,
        253980709224.92874,
        -5435008836.996843,
        62722978.300158694,
        -336759.8284705247,
        5160.270796455927,
        -0.4819087752113263
      ]
    }
  },
  "area": [
    -6.410710500895822e-12,
    5.6432719304225915e-09,
    -2.000778540699472e-06,
    0.0003649624677878209,
    -0.036350079601303965,
    1.9496487651971712,
    -53.435663228439964,
    1187.3041095866524,
    72.66731754265471
  ],
  "power": {}
}
